Price,close,High,Low,Open,Volume
Ticker,PGHL.NS,PGHL.NS,PGHL.NS,PGHL.NS,PGHL.NS
Date,,,,,
2020-01-01,4062.82177734375,4075.401794645526,4018.2613805188817,4018.2613805188817,13727
2020-01-02,4055.033935546875,4091.9909710303914,4009.0452081040994,4069.0427332893637,12843
2020-01-03,4037.29248046875,4071.6691587423197,4010.151055474787,4050.51781064877,8877
2020-01-06,3967.018798828125,4009.044737108684,3892.9665836246863,4009.044737108684,15330
2020-01-07,3943.4716796875,4021.947489953595,3927.020681643508,3953.7476470900374,9166
2020-01-08,3924.671142578125,3973.977790888596,3861.5861013247327,3930.707570918851,16130
2020-01-09,4008.6298828125,4055.1257662038033,3926.0990372791366,3926.0990372791366,15577
2020-01-10,3960.660400390625,4041.3021188395323,3953.748253095004,4041.3021188395323,7733
2020-01-13,3938.4951171875,3986.004423432929,3931.7211237145575,3986.004423432929,4928
2020-01-14,3940.660400390625,3972.1340657026153,3930.707089990702,3972.1340657026153,5569
2020-01-15,3997.10986328125,4009.0450163798073,3920.5695401562525,3961.9965186626614,8556
2020-01-16,3951.167236328125,4001.3491472836167,3939.923298606658,3997.524516422545,6404
2020-01-17,3957.75732421875,4002.3636240397627,3934.854986549483,3974.9454402126526,16102
2020-01-20,3988.308837890625,4024.7128122630525,3937.1589498483536,3962.96429877058,6826
2020-01-21,3981.396484375,4027.4774622034147,3940.8452238859954,3986.92620171441,7739
2020-01-22,3993.51611328125,4007.156354164681,3967.5726100259726,3982.3185244883225,4720
2020-01-23,4091.898681640625,4110.4233251932965,3981.396584043731,3999.8289756365257,24311
2020-01-24,4068.765869140625,4127.012405560576,4036.9240932239195,4096.644860937902,21187
2020-01-27,4085.9072265625,4140.052364571287,4038.3515770499116,4082.681558766232,11541
2020-01-28,4088.3505859375,4118.71813279648,4064.342574542957,4085.908383916166,7678
2020-01-29,4063.696533203125,4105.814722821505,4044.0662185725614,4101.2066254894935,8532
2020-01-30,3990.56689453125,4082.774753832375,3972.1804038414307,4073.5585579997964,7363
2020-01-31,4077.613525390625,4095.953664786217,3963.9780126953465,4026.4177384079503,10834
2020-02-03,4011.810302734375,4058.812904489361,3194.471832998944,3981.3968545399725,20301
2020-02-04,4080.701171875,4122.404458652109,4004.9902119600188,4044.988412480238,12940
2020-02-05,4078.121826171875,4122.405478775913,4046.0955372410763,4080.471776722637,10284
2020-02-06,4055.5869140625,4106.644548191724,4038.168394207399,4078.166593506775,11425
2020-02-07,3980.7978515625,4081.76110234778,3944.5320290042005,4055.1263849575894,30065
2020-02-10,3976.372802734375,4022.8686814736384,3939.001316063764,4022.8686814736384,32009
2020-02-11,4021.302490234375,4110.42328266733,3957.158128162727,4004.4370321052797,22496
2020-02-12,3886.654052734375,4044.988107610365,3861.90847841045,4026.0949072900157,40603
2020-02-13,3940.845458984375,3976.7886238347937,3890.2022813259164,3932.5508824804324,10841
2020-02-14,3960.70556640625,3972.1799087915965,3913.1962628141805,3961.996193669611,18002
2020-02-17,3883.106201171875,3968.4482698592424,3870.802488972865,3962.9644529960283,21937
2020-02-18,3905.40869140625,3915.731010230798,3782.050276310759,3877.9905101636805,9965
2020-02-19,3890.201904296875,3934.7163972262088,3873.198294117487,3932.5505013470665,6697
2020-02-20,3833.384033203125,3915.9153288935527,3824.720899961742,3881.1241929963103,17405
2020-02-24,3785.4140625,3866.193924216222,3715.5091312223362,3825.181855175073,29657
2020-02-25,3797.026611328125,3850.7568506124567,3764.815828337674,3785.09145825773,11538
2020-02-26,3825.0439453125,3849.605017319581,3737.1674276348817,3797.2572047488907,20413
2020-02-27,3845.319580078125,3856.8857259099686,3792.4646066757614,3852.369879928234,11433
2020-02-28,3853.79833984375,3869.8807822075537,3783.248537976187,3820.113322755492,13618
2020-03-02,3705.83203125,3889.2343128264115,3668.1378834806724,3833.9371425018653,8712
2020-03-03,3689.05859375,3861.58571981076,3662.515907047246,3709.5185017275203,19075
2020-03-04,3662.608154296875,3723.342789499932,3610.905210213053,3720.577930992878,23685
2020-03-05,3679.75,3797.072203121676,3649.6130884373392,3703.067017510411,12996
2020-03-06,3735.923095703125,3760.207861477076,3595.6526415578037,3647.7702734623203,11356
2020-03-09,3609.98388671875,3769.42407369918,3594.3163538940835,3645.1435836145456,23558
2020-03-11,3636.526611328125,3680.9486304198667,3570.170001065173,3612.748780982944,14485
2020-03-12,3336.631103515625,3617.356489491851,3304.0058636505187,3567.8194420242876,50936
2020-03-13,3436.1201171875,3465.2892840580535,2909.552731322148,3154.012301161615,48474
2020-03-16,3292.578125,3381.329908487843,3192.2136200673103,3363.911388832511,24019
2020-03-17,3235.806396484375,3389.624616813775,3204.4713302694877,3277.2792782393726,18070
2020-03-18,3015.631103515625,3316.539855055074,2995.263223593291,3315.9867933811265,23603
2020-03-19,3163.597412109375,3249.630691286441,2684.9082845689804,2951.118194530647,49931
2020-03-20,3159.77294921875,3298.476705630423,3060.2380276741605,3177.744532275412,15286
2020-03-23,2866.23681640625,3129.4973523228114,2664.8168176350105,2764.8586653436496,22634
2020-03-24,3070.605712890625,3132.5846231305572,2895.9588208390687,2895.9588208390687,11489
2020-03-25,3145.027099609375,3224.74720044929,3057.012421803457,3224.74720044929,10087
2020-03-26,3176.2236328125,3227.4655448972126,3089.314864064091,3133.5064765784114,11773
2020-03-27,3033.740966796875,3254.468835422333,2999.7332974990736,3236.727660177907,15775
2020-03-30,3195.485595703125,3225.668637958306,2966.8316802505083,3024.755562794046,23236
2020-03-31,3348.243896484375,3400.315402168759,3200.3700815373763,3257.9251786601335,9697
2020-04-01,3375.984375,3386.951556705526,3256.5424015289727,3271.749122803977,16235
2020-04-03,3545.5625,3594.3160819819004,3349.487949630346,3428.286417581488,13291
2020-04-07,3989.8759765625,4008.031613697139,3617.4032592859485,3730.7163504734044,42168
2020-04-08,4126.22900390625,4197.977178060078,3944.5317940937725,3986.0046751064406,43082
2020-04-09,4089.91748046875,4372.57839874305,4053.4676043962963,4193.369283112571,38491
2020-04-13,4008.538330078125,4164.798744711582,3829.32922865161,4164.798744711582,12351
2020-04-15,4028.860107421875,4128.855834667735,3912.275227268869,4009.045285893894,15478
2020-04-16,4006.1875,4101.2065553632365,3916.8826652345515,4101.2065553632365,8478
2020-04-17,3922.136474609375,4091.990776616932,3907.6668677603134,4059.7340925670237,14279
2020-04-20,3871.677734375,3996.5108293794738,3852.369625268465,3962.9639685776074,11317
2020-04-21,3779.193359375,3945.914252260858,3739.3333123330094,3815.505081013652,16777
2020-04-22,3802.648193359375,3810.8968683987855,3691.316730871641,3760.207792761075,7003
2020-04-23,3837.89990234375,3905.0399728943703,3802.602055511377,3870.6637455616365,11844
2020-04-24,3832.9228515625,3898.3578292852326,3788.7773720866644,3788.7773720866644,4505
2020-04-27,3860.57177734375,3893.8423308112833,3833.937064183417,3838.637413566891,17448
2020-04-28,3919.417724609375,3986.004740211756,3840.3888444999743,3870.802291072688,22991
2020-04-29,3983.515625,4032.0851507048633,3893.842231252125,3893.842231252125,10427
2020-04-30,3977.572021484375,4078.166710337452,3967.387854947735,4009.0452406707154,14578
2020-05-04,3901.2158203125,3953.7481382330793,3853.337501431931,3912.275255664201,8367
2020-05-05,3844.996826171875,3944.5317392175516,3826.748938783989,3901.307871609812,5386
2020-05-06,3896.5615234375,3933.4722060986905,3815.550805670711,3844.996730047736,7765
2020-05-07,3850.02001953125,3908.7732696646744,3827.808896929876,3896.5618098330215,13540
2020-05-08,3755.322998046875,3889.2343587655128,3725.1860848649767,3869.8803489233146,9225
2020-05-11,3775.782958984375,3824.675145011655,3758.3644398852935,3778.640069526656,9638
2020-05-12,3795.827880859375,3823.7991213391356,3723.711158457643,3777.718148558476,11462
2020-05-13,3705.14111328125,3861.5860368505537,3678.183740589632,3861.5860368505537,11601
2020-05-14,3707.7216796875,3746.3374499143615,3669.474467289073,3700.302597100825,5364
2020-05-15,3673.298828125,3750.069778144241,3658.8294468499967,3750.069778144241,6906
2020-05-18,3594.869384765625,3695.6944757223227,3571.2758337715713,3663.437790772128,7881
2020-05-19,3561.36865234375,3676.571106000467,3530.7247996710635,3622.0112689496045,5572
2020-05-20,3530.1259765625,3606.896714712482,3511.601331279765,3578.649161960325,5982
2020-05-21,3549.525634765625,3604.454252886183,3538.097641736143,3573.1191865097753,5206
2020-05-22,3591.090576171875,3603.5324400954787,3534.7795316712873,3566.667658099617,9705
2020-05-26,3654.54443359375,3730.716204839357,3602.611078240377,3603.532697856197,23451
2020-05-27,3734.172119140625,3777.488239236783,3650.212485718287,3727.951186999155,19636
2020-05-28,3751.22216796875,3797.0727429595845,3732.6054970940313,3752.8811282457573,6466
2020-05-29,3788.178955078125,3797.07249361101,3750.8992647911623,3755.59961443322,14760
2020-06-01,3949.8310546875,3999.7366641807366,3825.688719152813,3865.1343065803794,32582
2020-06-02,3979.828857421875,4023.7443816453083,3962.9634024802244,3966.649880063927,20944
2020-06-03,3992.962890625,4064.3425099475244,3935.3157635999837,4045.864216635154,14691
2020-06-04,3939.18701171875,4051.3942076293974,3917.805255163555,4040.38067246225,11449
2020-06-05,3912.6435546875,3972.318420658584,3900.339843670703,3957.43435490091,8681
2020-06-08,3908.035400390625,3991.1656627530406,3889.372604739165,3991.1656627530406,8341
2020-06-09,3907.11328125,3949.1392168265265,3893.84205159675,3949.1392168265265,8449
2020-06-10,3842.1865234375,3903.0593229569886,3824.721650595396,3903.0593229569886,13480
2020-06-11,3802.970703125,3870.8478908745956,3797.9940477113178,3859.742555645474,6535
2020-06-12,3724.172607421875,3778.6404165996537,3709.5189455642944,3778.6404165996537,11031
2020-06-15,3674.681640625,3739.4715437969808,3663.852610276358,3734.402635974212,22805
2020-06-16,3631.50390625,3704.1734772151667,3614.776375390186,3685.5568061659733,12835
2020-06-17,3635.32861328125,3686.478502503486,3622.886748335301,3686.478502503486,54345
2020-06-18,3608.002685546875,3694.634930455678,3594.3626700709137,3644.5448137431927,10738
2020-06-19,3647.769775390625,3676.8007880042696,3603.5320418841193,3640.8115035568812,8332
2020-06-22,3833.70654296875,3859.5577887790664,3640.3968615245058,3675.41840095183,23619
2020-06-23,3806.842041015625,3870.8023517788174,3760.207998870851,3833.937567476162,8377
2020-06-24,3781.865966796875,3825.8733019777083,3749.1945975117465,3801.6807878730615,8229
2020-06-25,3870.341796875,3916.883590122336,3686.478673056316,3778.640639882724,63321
2020-06-26,3823.154052734375,3915.961317866247,3810.896693192971,3915.961317866247,8536
2020-06-29,3726.246337890625,3822.878246638949,3705.8786789564906,3820.1133877334723,36206
2020-06-30,3750.899169921875,3806.2885927136326,3714.17276729286,3727.0293145118476,18077
2020-07-01,3758.08837890625,3774.0324437550635,3714.1271668700624,3714.1271668700624,33380
2020-07-02,3745.69189453125,3777.718170802385,3711.96053225529,3757.442542659508,21687
2020-07-03,3744.0791015625,3778.639831730769,3716.200112560096,3769.3775110447223,26527
2020-07-06,3919.417724609375,3973.2402188452343,3740.8539284438193,3744.079597019713,48207
2020-07-07,3912.13720703125,3961.121200747275,3862.6924034966178,3918.7266974354147,12115
2020-07-08,3867.622314453125,3953.7478407788017,3788.777942527192,3912.1368084004857,23187
2020-07-09,3838.72998046875,3907.6669437173005,3829.5137848467753,3870.8021612294015,16182
2020-07-10,3832.370361328125,3870.709824275566,3810.3900952600147,3870.709824275566,24086
2020-07-13,3787.993896484375,3853.2448201750167,3761.128780908353,3848.682624129694,13717
2020-07-14,3739.286865234375,3806.150405369514,3718.7347052576492,3806.150405369514,34590
2020-07-15,3744.263916015625,3769.4241761778676,3716.8918588081515,3743.71107925671,9886
2020-07-16,3793.893310546875,3827.4865278587977,3709.519208916846,3743.619137048504,8402
2020-07-17,3803.52392578125,3824.7211756705083,3769.9309378055327,3823.7995561101056,9844
2020-07-20,3818.730224609375,3859.6963895254203,3806.288361925116,3823.7991316288876,7920
2020-07-21,3767.30419921875,3852.3697289033844,3760.2077736664614,3852.3697289033844,12389
2020-07-22,3728.2275390625,3785.967137764705,3719.656432411045,3770.3455066882025,8353
2020-07-23,3730.34765625,3792.4647285084657,3715.0486805875153,3740.8540298944986,16034
2020-07-24,3706.523193359375,3752.2356101818477,3690.0721954190203,3730.347147238531,7315
2020-07-27,3739.19482421875,3751.8670931361735,3686.524356502059,3713.988664320412,8670
2020-07-28,3863.52197265625,3871.7242978533027,3737.305976753569,3749.148879711315,19380
2020-07-29,3850.203857421875,3916.8831224614523,3836.8403738275947,3889.142283756933,8801
2020-07-30,3826.288330078125,3884.396266716196,3804.5380171935944,3849.605126300148,8577
2020-07-31,3827.5322265625,3880.0186445249315,3807.2106937131807,3852.3700556090766,9814
2020-08-03,4067.107421875,4162.034243640947,3845.964611941661,3891.999692403835,52372
2020-08-04,4055.402099609375,4110.3770627074455,4011.348867580933,4101.20676869274,17621
2020-08-05,4061.34716796875,4082.4521667843287,4042.2235612891445,4042.2235612891445,11774
2020-08-06,4065.724365234375,4089.271563113769,4045.9095462719947,4055.125741138218,11841
2020-08-07,4298.84912109375,4377.69350516718,4054.2049956274573,4073.559009018723,46988
2020-08-10,4159.13134765625,4479.11742168089,4125.169573387279,4373.085260438481,41759
2020-08-11,4149.08544921875,4280.922950166779,4138.071915231181,4166.642122218301,19739
2020-08-12,4319.0771484375,4412.621519319541,4128.854990655619,4128.854990655619,34158
2020-08-13,4319.0771484375,4479.070369327302,4287.373530475434,4287.373530475434,24886
2020-08-14,4317.51171875,4419.166185302763,4303.9637300029,4340.690362754414,14119
2020-08-17,4319.0322265625,4384.881678868838,4313.087599967862,4324.239287450202,8538
2020-08-18,4333.82373046875,4381.379389783412,4303.963346716141,4308.571444517765,8057
2020-08-19,4419.02734375,4469.854569106075,4339.906219777425,4362.025087748259,18517
2020-08-20,4383.26806640625,4536.671806005715,4336.265473799589,4412.713988248931,24367
2020-08-21,4334.1005859375,4444.049622006971,4327.049836131354,4382.577415916903,14169
2020-08-24,4341.9345703125,4455.984999247951,4313.179857922516,4345.436544894159,26220
2020-08-25,4491.32861328125,4515.936036586478,4349.122889112569,4350.044508711872,46077
2020-08-26,4634.04052734375,4698.415732869564,4506.718896377436,4562.016060750165,83420
2020-08-27,4638.5576171875,4746.34121567149,4571.233481501085,4746.34121567149,88396
2020-08-28,4590.86328125,4680.076323634297,4527.640540171171,4646.206805195119,36564
2020-08-31,4420.96337890625,4608.098061166386,4308.5716871905715,4595.2876385582595,30728
2020-09-01,4582.568359375,4598.881204171155,4377.692529020638,4377.692529020638,21499
2020-09-02,4562.20068359375,4652.150379977898,4515.612551389263,4603.9039628122555,18790
2020-09-03,4591.3701171875,4617.267714694429,4534.367862090015,4562.016446614954,10936
2020-09-04,4442.57421875,4580.448575739966,4400.732786550973,4526.073029267399,24360
2020-09-07,4352.90185546875,4469.855298959186,4327.004253322346,4386.909530524892,24932
2020-09-08,4413.6826171875,4494.002133557149,4372.163829961213,4372.163829961213,21560
2020-09-09,4436.6767578125,4468.933443837311,4330.69050373098,4414.557887395487,17690
2020-09-10,4512.0654296875,4562.017396129774,4406.539976787125,4435.755500519717,14665
2020-09-11,4509.39208984375,4584.089622449665,4386.079577239223,4429.349343989568,17333
2020-09-14,4838.54931640625,5041.259749023958,4479.07173313646,4498.425746798161,102844
2020-09-15,5206.13671875,5239.407275355311,4849.884852616867,4883.662119983781,86242
2020-09-16,4999.6015625,5220.974758753158,4907.624111272828,5220.974758753158,71083
2020-09-17,4964.99560546875,5103.008152114802,4891.404184250219,4999.786748279357,44174
2020-09-18,4859.7919921875,5047.71012274952,4838.3643382977925,4967.529224323519,143474
2020-09-21,4753.57568359375,4954.62690678281,4701.181519996115,4906.702688190417,37039
2020-09-22,4603.6279296875,4770.994134495893,4562.846263497044,4764.773202365146,14289
2020-09-23,4572.93798828125,4700.259637277355,4492.895241515119,4672.611051175723,16588
2020-09-24,4432.068359375,4543.584323501508,4423.77378353088,4543.584323501508,10736
2020-09-25,4502.5263671875,4562.016728563231,4432.989992805887,4433.91161234701,13653
2020-09-28,4625.79296875,4674.454300390628,4533.446510966384,4533.446510966384,15332
2020-09-29,4621.82958984375,4736.1104090626495,4590.586778462423,4651.4136661111925,13819
2020-09-30,4607.36083984375,4671.6438063231535,4571.233171868703,4626.530347334857,8141
2020-10-01,4824.17138671875,4947.253491321113,4614.226193962859,4645.008195356283,29950
2020-10-05,4875.73681640625,4977.668046179977,4843.111568723529,4868.916920564492,21254
2020-10-06,4918.4990234375,4965.686124295799,4879.975506337464,4879.975506337464,17053
2020-10-07,4923.52197265625,4951.446864629876,4884.5835472091585,4886.703092140924,4964
2020-10-08,4933.0146484375,5064.299536162215,4884.583720047269,4940.111299128938,32640
2020-10-09,4925.50341796875,4996.099565284961,4907.946745598711,4930.66457743489,7022
2020-10-12,4874.03076171875,4982.966369639782,4843.617317376379,4967.529242587216,7030
2020-10-13,4742.7919921875,4897.440010780283,4727.815675652697,4884.583239043524,15959
2020-10-14,4735.7421875,4777.675878174565,4718.692225357595,4773.989399873504,10205
2020-10-15,4695.974609375,4804.587571330387,4681.827658240409,4748.783233469037,9113
2020-10-16,4696.71142578125,4771.224457131249,4675.698679839041,4771.224457131249,5885
2020-10-19,4683.025390625,4783.205618948615,4664.316693159719,4725.143585423805,7613
2020-10-20,4697.07958984375,4733.345406453554,4673.993201829056,4698.969179787099,3360
2020-10-21,4686.39013671875,4753.068960059637,4675.192097682936,4715.927867237669,30005
2020-10-22,4690.02978515625,4727.908439851711,4677.219363011195,4699.338232905238,3357
2020-10-23,4669.38525390625,4730.857455312517,4653.256912458829,4726.986473361326,6416
2020-10-26,4662.19775390625,4699.3388477925855,4649.571384019139,4691.044270497011,17259
2020-10-27,4708.60009765625,4836.659311840757,4654.178644206521,4654.178644206521,37203
2020-10-28,4716.25,4770.579203685608,4677.219321179966,4722.378680143083,6047
2020-10-29,4784.21923828125,4828.641029678133,4686.573468949509,4736.2027707051575,23497
2020-10-30,4737.90771484375,4864.3077397541765,4707.632424150121,4828.180075211079,11852
2020-11-02,4814.9091796875,4856.88922100369,4755.556969527096,4779.519078288279,15610
2020-11-03,4815.6923828125,4866.151051385102,4787.81339241394,4845.87542200433,16287
2020-11-04,4820.1162109375,4873.524244567013,4799.794679596256,4837.9959904505495,11841
2020-11-05,4871.7734375,4893.8000558473805,4811.775911785155,4832.236046824729,22200
2020-11-06,4894.8134765625,4919.05188970635,4861.5429222020175,4893.292894370731,27706
2020-11-09,4858.501953125,4930.48007984475,4847.7188244052995,4898.407899565431,10577
2020-11-10,4906.88671875,4933.429180329132,4845.552671058708,4884.583346860527,23849
2020-11-11,4967.759765625,4984.072611618626,4908.545709701544,4936.194296124948,16480
2020-11-12,5236.50439453125,5289.911980144273,5041.259193005002,5207.150720379938,67102
2020-11-13,5541.14501953125,5566.581807860464,5141.438910386454,5253.23117629216,68450
2020-11-14,5580.40625,5692.843832576383,5466.171329337639,5566.581957060281,13511
2020-11-17,5496.078125,5666.1169300746205,5309.496069183951,5662.430451915821,53197
2020-11-18,5465.587890625,5529.955625207557,5347.108821218653,5429.714737741559,24062
2020-11-19,5447.3037109375,5482.61988084472,5364.74401748476,5387.947927594988,13719
2020-11-20,5604.30126953125,5684.957970339549,5401.870267326723,5448.278087492759,30938
2020-11-23,5795.037109375,5982.89586500802,5568.938130631108,5568.938130631108,35696
2020-11-24,5890.17333984375,6013.711045628596,5810.258984260218,5810.258984260218,33639
2020-11-25,5954.0302734375,5981.039714744916,5890.034162935648,5890.173295752424,11534
2020-11-26,5898.57275390625,6018.954814125551,5778.701451601713,5983.870232074558,14458
2020-11-27,6374.67138671875,6474.819376748071,5903.075005177427,5949.064975863308,70272
2020-12-01,6190.24609375,6542.574347582545,5946.094738340007,6404.975163722549,40353
2020-12-02,6281.1123046875,6357.778110064955,6192.659185550921,6247.791582264029,24605
2020-12-03,6260.97216796875,6348.497138919586,6218.64814369378,6284.547250888148,10452
2020-12-04,6334.43505859375,6357.871006464294,6276.518192912359,6290.115592818762,8678
2020-12-07,6279.58154296875,6357.871629514066,6180.732881867546,6357.871629514066,6505
2020-12-08,6211.2685546875,6310.535058143123,6094.274627411053,6283.618523845998,15242
2020-12-09,6231.828125,6334.667676846865,6199.156837166331,6232.57046886838,4669
2020-12-10,6170.56982421875,6305.7090392894515,6126.806885522065,6231.828149244158,5860
2020-12-11,6145.416015625,6288.259185297242,6079.424009401761,6230.806398657819,6859
2020-12-14,6214.1455078125,6267.978572749098,6144.208840569261,6172.239341868498,10948
2020-12-15,6158.7822265625,6240.924073755746,6147.180270744245,6240.924073755746,4305
2020-12-16,6322.18408203125,6357.778973634309,6174.050670572576,6255.774667252184,13815
2020-12-17,6381.400390625,6397.968073512177,6300.372062505045,6319.817120960531,7956
2020-12-18,6350.07568359375,6532.365531923307,6286.868134481744,6394.070211625413,32915
2020-12-21,6118.638671875,6424.698226966324,6020.950216459195,6385.715660434601,17013
2020-12-22,6255.12451171875,6292.900660088628,5876.668723495869,6079.424678994175,16126
2020-12-23,6541.60009765625,6705.930007422648,6279.906218715797,6311.463536397786,13348
2020-12-24,6599.8876953125,6821.949099679622,6543.502197651883,6627.964424600297,28721
2020-12-28,6422.841796875,6729.087158918381,6367.430682751485,6682.725569002891,43789
2020-12-29,6403.0732421875,6535.938750670073,6359.72815361363,6467.812156185538,14321
2020-12-30,6364.9716796875,6534.174864228644,6350.0282709277135,6454.9566244268535,10603
2020-12-31,6327.70654296875,6414.489170290727,6293.828832837711,6390.450009084596,8150
2021-01-01,6479.2734375,6504.519470607088,6288.259048710476,6365.296023034162,14637
2021-01-04,6502.06103515625,6545.127404839228,6448.692037988419,6497.095307388179,12224
2021-01-05,6484.2861328125,6511.016854655852,6426.786665124843,6468.321662166305,7529
2021-01-06,6434.81494140625,6641.840483112851,6406.274134206459,6515.657448537632,8207
2021-01-07,6386.87646484375,6501.642917328331,6358.799732700386,6497.002135155874,7723
2021-01-08,6454.95654296875,6468.321904390929,6403.490089683831,6414.070981926333,7727
2021-01-11,6473.9833984375,6545.312304034431,6406.088852590066,6495.238088051072,6097
2021-01-12,6312.9951171875,6497.095036468275,6218.64810633392,6497.095036468275,13906
2021-01-13,6312.06640625,6389.938633563029,6228.857279911566,6375.413077290674,12915
2021-01-14,6295.8232421875,6365.852815485282,6265.054951842049,6313.597344484685,5942
2021-01-15,6314.015625,6355.040317048241,6287.377356411021,6337.451572893315,29950
2021-01-18,6230.9462890625,6334.389506713818,6209.36665159619,6311.4638611142145,27172
2021-01-19,6304.5029296875,6356.9437711342935,6218.648454752484,6218.648454752484,5672
2021-01-20,6429.33935546875,6488.741364816231,6315.222345293317,6348.589749012018,9821
2021-01-21,6603.322265625,6708.528427568334,6325.431885978587,6487.766797598535,24740
2021-01-22,6586.1044921875,6681.797501624473,6553.619020239054,6636.31784089665,8313
2021-01-25,6589.91064453125,6682.7262874119715,6566.706733811069,6586.105112532864,20348
2021-01-27,6667.08642578125,6935.184487404775,6543.502494138606,6557.424839870816,20521
2021-01-28,6532.0859375,6767.0948466290865,6479.598425498748,6685.649129262864,15862
2021-01-29,6599.93408203125,6656.227127985177,6532.086214484873,6553.712076453359,18643
2021-02-01,6631.58447265625,6679.987737552922,6541.321264104614,6599.191905420408,42427
2021-02-02,6590.4677734375,6729.134256299448,6560.488048209289,6674.512158627001,7495
2021-02-03,6574.5498046875,6682.772481194824,6516.679160994768,6653.071475618583,12705
2021-02-04,6581.232421875,6838.146398387688,6569.073481776076,6636.318597658076,12690
2021-02-05,6656.9697265625,6686.438692203458,6608.473554759665,6663.188555710588,6111
2021-02-08,6672.79541015625,6750.436064710167,6654.882170809674,6656.970522955326,5684
2021-02-09,6789.46337890625,6913.326019231897,6659.52149605637,6681.286942714253,11204
2021-02-10,6810.34765625,6954.629751420029,6747.697098594548,6789.464137031516,7150
2021-02-11,6862.23095703125,6961.172512989474,6702.82010648379,6961.172512989474,24528
2021-02-12,6849.28369140625,6930.079521963508,6822.92368799286,6886.920250849693,27480
2021-02-15,6896.7587890625,6956.531968437894,6859.075549934094,6865.572644501014,6454
2021-02-16,6835.826171875,6917.4110349103385,6816.381112556849,6914.76569833177,7198
2021-02-17,6722.63671875,6961.1729104825345,6661.285490858675,6849.794143914814,7799
2021-02-18,6556.07861328125,6784.822927316528,6538.861494246914,6765.238737665811,21908
2021-02-19,6635.5751953125,6659.52144655058,6499.600297483977,6580.628161121061,10880
2021-02-22,6496.77001953125,6682.726249631765,6469.250272212973,6660.450495466326,8453
2021-02-23,6471.0595703125,6566.705896829609,6450.686358016365,6552.78355217202,59897
2021-02-24,6371.42236328125,6566.706374578988,6311.417144081729,6488.880371640703,3697
2021-02-25,6241.6201171875,6497.095181279974,6212.197376300289,6422.842664922488,17258
2021-02-26,6217.85888671875,6302.181986709921,6125.832269850586,6264.127574124486,13375
2021-03-01,6125.2744140625,6338.379184867587,6104.715843266999,6274.33640206544,14078
2021-03-02,6289.4658203125,6314.247776638794,6023.734833218547,6162.030132163009,19469
2021-03-03,6316.89306640625,6357.871079144701,6265.983599314726,6292.900133810375,11832
2021-03-04,6218.13720703125,6338.379680250114,6199.017095683243,6297.540801068534,12074
2021-03-05,6244.40380859375,6274.151037972861,6199.109960539162,6218.647470191093,4987
2021-03-08,6219.53076171875,6300.280380876948,6201.013857424313,6246.493527984677,3295
2021-03-09,6253.36083984375,6298.747597171635,6187.740454272775,6237.211009121121,3797
2021-03-10,6132.9794921875,6267.747535405625,6102.628595307469,6265.055972368885,12468
2021-03-12,6093.90380859375,6172.240118860517,6033.016657532837,6172.240118860517,12052
2021-03-15,6060.25830078125,6136.552487707561,6014.453690139678,6079.888718712957,6681
2021-03-16,6017.28369140625,6080.862399773307,5986.608306095086,6065.501593849827,5274
2021-03-17,6033.48046875,6088.705772632874,6023.873959703213,6045.360688977035,6977
2021-03-18,5950.0859375,6079.424626881644,5940.201162143897,6048.5171989904175,11060
2021-03-19,6005.82177734375,6044.340267806393,5826.037702024314,5893.793118982698,12077
2021-03-22,5900.7080078125,6065.362860337612,5881.077137653058,6045.082552627646,9351
2021-03-23,5850.40185546875,5943.403308461187,5836.247470303018,5929.991267138356,10450
2021-03-24,5655.35009765625,5875.323174031623,5632.610264866391,5835.319540810002,26376
2021-03-25,5662.9140625,5697.116715435394,5584.716888188896,5624.627612169637,11488
2021-03-26,5741.9931640625,5796.382764855363,5640.267135135667,5640.267135135667,9787
2021-03-30,5838.14990234375,5893.793059039955,5708.161781589878,5782.414292569909,17320
2021-03-31,5756.5654296875,5799.121493515629,5717.954030767733,5799.121493515629,17055
2021-04-01,5726.07470703125,5806.314003623822,5680.31678091001,5773.132414585009,6755
2021-04-05,5738.791015625,5758.978417305389,5645.140125596251,5745.288110418688,6961
2021-04-06,5789.05078125,5800.931455463574,5717.907681598173,5773.132989130856,6556
2021-04-07,5749.14013671875,5802.834077548758,5735.960587158266,5802.834077548758,6963
2021-04-08,5849.798828125,5879.8710059286195,5712.80284790697,5772.993883256713,9131
2021-04-09,5898.8525390625,6008.885313279187,5856.667643928278,5911.707144309347,11627
2021-04-12,5752.75927734375,5903.074379337125,5723.52235235175,5898.851449229928,6479
2021-04-13,5781.486328125,5847.33920726724,5734.382389908216,5778.701858870806,4098
2021-04-15,5919.36376953125,6056.638466017614,5726.725086672594,5801.534584441851,21187
2021-04-16,5899.26904296875,6002.155268296566,5876.900383578187,5919.363537948554,12926
2021-04-19,5883.90771484375,5992.084150030355,5814.249312799765,5877.085675417271,12794
2021-04-20,5829.982421875,5950.178676383706,5794.898291028682,5898.433956778606,11190
2021-04-22,5868.96484375,5970.5517410624,5847.385207863836,5854.021435356298,10088
2021-04-23,5860.4716796875,5922.565244407029,5830.120787939633,5868.964219040393,4348
2021-04-26,5776.474609375,5930.9197529910125,5754.5700263762565,5921.638188432341,7510
2021-04-27,5943.03173828125,6038.260676884142,5789.839703614138,5828.82227295556,13275
2021-04-28,5972.3154296875,6039.6529971167165,5914.6305984489045,5940.20112670597,7372
2021-04-29,5915.93017578125,6103.556914562944,5881.588386572183,6101.700601632724,9258
2021-04-30,5915.46630859375,5984.7531005458595,5859.451973285672,5921.638458666654,4541
2021-05-03,5834.669921875,5967.118033372113,5823.996122313049,5940.201495346325,7076
2021-05-04,5827.3369140625,5929.016717211842,5800.977363562742,5886.738922265382,5200
2021-05-05,5842.001953125,5908.272226710476,5810.258824274145,5837.50030413046,6743
2021-05-06,5826.17724609375,5909.943366807808,5818.519955280553,5860.565714939307,6067
2021-05-07,5442.2451171875,5521.602490346796,5336.899364514049,5503.967518533619,72852
2021-05-10,5425.07421875,5476.122821321643,5327.664022198654,5448.371035291151,30068
2021-05-11,5385.8134765625,5448.603168165977,5374.025708667083,5392.588837194429,12512
2021-05-12,5365.34716796875,5438.9964684678835,5350.914517323583,5438.9964684678835,9561
2021-05-14,5346.78369140625,5411.197650304494,5332.908026142602,5374.02517043204,11553
2021-05-17,5417.92578125,5457.558230633913,5342.466866586531,5342.466866586531,10282
2021-05-18,5428.5546875,5449.809378196552,5391.66047098739,5438.71818125383,6628
2021-05-19,5418.11328125,5475.194902971092,5392.588978854389,5475.194902971092,7419
2021-05-20,5410.13037109375,5457.559250458237,5401.591604731521,5418.11260621598,4457
2021-05-21,5455.4248046875,5466.794720068811,5401.962907846125,5426.6052778614085,5371
2021-05-24,5602.02734375,5635.765921088494,5457.559884058028,5476.123012915368,28224
2021-05-25,5611.6337890625,5661.754236401132,5587.501721825381,5646.903733485982,5491
2021-05-26,5552.97412109375,5634.744793408022,5523.551834114856,5611.633788887317,16682
2021-05-27,5601.5166015625,5660.825702989955,5523.458560172688,5531.81196750617,20273
2021-05-28,5533.2041015625,5639.1068321404155,5517.889521729273,5639.1068321404155,6302
2021-05-31,5494.63916015625,5568.937891917046,5449.994750749116,5568.937891917046,12911
2021-06-01,5427.81298828125,5539.145088593359,5408.275022025229,5539.145088593359,8128
2021-06-02,5461.31884765625,5470.55418573152,5392.589042941997,5428.787144951419,8033
2021-06-03,5418.298828125,5507.726335208364,5402.798434877016,5464.984914027808,7538
2021-06-04,5383.72509765625,5442.1522724828055,5365.99721936109,5418.298924365384,19719
2021-06-07,5406.3251953125,5452.918827682349,5379.640698921714,5404.561788799991,5082
2021-06-08,5410.78125,5420.201947881656,5374.026161776581,5413.751078893948,6041
2021-06-09,5389.0615234375,5452.918498359025,5384.234929188205,5420.154760832398,7407
2021-06-10,5420.5263671875,5437.140276367467,5378.712648791709,5415.792678833078,6439
2021-06-11,5390.82568359375,5429.715349043197,5383.353752090037,5429.715349043197,8764
2021-06-14,5371.9375,5419.505518120168,5367.482530315156,5419.505518120168,7726
2021-06-15,5389.015625,5427.859064106914,5374.675879386565,5394.9557357978665,7099
2021-06-16,5385.67333984375,5418.576663074608,5377.969823573149,5418.530436538568,5051
2021-06-17,5355.09130859375,5393.516893290288,5342.468290789691,5374.025608699151,7561
2021-06-18,5442.755859375,5473.338796863236,5328.546385075774,5383.353844282708,17096
2021-06-21,5441.36279296875,5464.984553202923,5389.757662805963,5441.780644604066,14498
2021-06-22,5399.3173828125,5499.094187772291,5389.803780479125,5440.852378365529,14655
2021-06-23,5377.87744140625,5452.77984593545,5369.384900785992,5451.062665914628,5831
2021-06-24,5389.38623046875,5438.068213730891,5354.534139787252,5425.027797912454,9339
2021-06-25,5433.892578125,5452.919787596614,5350.822566041613,5350.822566041613,7179
2021-06-28,5391.9384765625,5452.918529741593,5378.666022102559,5435.283559177323,5040
2021-06-29,5363.44384765625,5416.5807934717,5355.461613190438,5392.680769807983,22125
2021-06-30,5150.990234375,5400.014438420712,5100.219893283227,5400.014438420712,38458
2021-07-01,5239.35009765625,5268.679931241515,5186.120236196508,5216.239093381012,33551
2021-07-02,5287.3359375,5400.014035921406,5239.350069444417,5239.350069444417,12827
2021-07-05,5242.13427734375,5327.199718109088,5220.879587087256,5324.322795919953,7744
2021-07-06,5231.60009765625,5285.851023861249,5188.394595853271,5242.134764085963,7795
2021-07-07,5222.8291015625,5267.2877036099635,5213.222591938548,5267.2877036099635,3552
2021-07-08,5245.05810546875,5307.1054521887245,5220.926038781057,5225.5205942963785,6038
2021-07-09,5193.916015625,5251.972006297104,5156.418141523035,5236.6574285638,7537
2021-07-12,5300.1904296875,5336.898830799687,5151.267567119698,5151.267567119698,14088
2021-07-13,5322.46630859375,5346.180521815365,5313.695049894612,5341.632646386727,5281
2021-07-14,5297.2666015625,5363.815593722061,5291.419397786723,5363.815593722061,5208
2021-07-15,5258.0517578125,5338.708904251406,5244.08318653421,5338.708904251406,5545
2021-07-16,5218.18798828125,5290.39837216968,5170.155896411145,5260.7902747779435,8330
2021-07-19,5162.82373046875,5270.582325572131,5155.908784032301,5230.16129577354,7920
2021-07-20,5123.609375,5197.444038717883,5111.589567789466,5188.672779055993,7482
2021-07-22,5107.08740234375,5165.143853874571,5103.792628586468,5129.781006349544,8918
2021-07-23,5097.34228515625,5143.193122858504,5058.452620785352,5143.193122858504,8784
2021-07-26,5053.068359375,5151.22088129438,5025.966016013673,5117.714350547365,8844
2021-07-27,5022.85791015625,5144.678447811963,5016.685760221974,5084.441183070486,18455
2021-07-28,5010.79150390625,5073.024663014488,4993.481477528697,5035.248515909513,5908
2021-07-29,5014.4580078125,5072.374878270871,4999.050520469699,5002.763146181152,4668
2021-07-30,4972.5048828125,5029.679406268072,4956.3550524952025,5025.966780760585,11200
2021-08-02,5050.23828125,5062.583033721107,4987.030737566575,5012.972891131357,16267
2021-08-03,5103.09716796875,5132.705268661253,5053.85819541455,5062.443642744589,7003
2021-08-04,5115.208984375,5146.6271687324215,5077.108345948337,5123.423259044719,7819
2021-08-05,5126.99658203125,5163.3338127588595,5077.293537204953,5137.345434769061,13700
2021-08-06,5078.87158203125,5156.372637787757,5067.733705754866,5126.996579749063,6770
2021-08-09,5065.27490234375,5104.257474854501,5049.171296630575,5095.579121048135,3309
2021-08-10,5027.126953125,5072.235443473902,5012.972568442765,5049.170666974383,5551
2021-08-11,4963.734375,5045.365461326279,4933.847556589749,5026.895238957829,6541
2021-08-12,5036.77978515625,5057.060092926087,4928.55665939894,4962.109875471872,4959
2021-08-13,5094.92919921875,5097.435403002611,5002.717215223374,5013.901319559377,10403
2021-08-16,5077.94384765625,5177.256586040315,5036.362620716186,5036.362620716186,8244
2021-08-17,5045.96875,5096.0429715896835,4966.565147250049,5077.943920875541,7014
2021-08-18,5053.115234375,5077.015260509942,5022.300262116595,5072.652744362055,5636
2021-08-20,4996.82373046875,5058.453235207875,4974.919145085176,5053.812452423281,5289
2021-08-23,5017.24267578125,5053.951082676346,4961.924459849716,5013.530049922777,5052
2021-08-24,5048.5205078125,5064.020899691427,5003.31956679067,5026.662607680324,14520
2021-08-25,4987.40185546875,5058.452041858726,4971.298252364951,5051.490869324059,12927
2021-08-26,5089.22119140625,5197.676368412424,5014.226327942579,5032.464512416458,31216
2021-08-27,5144.26025390625,5197.675469639602,5104.85983625318,5179.112342962318,29193
2021-08-30,5096.36767578125,5187.466136090572,5084.115829981755,5187.466136090572,11185
2021-08-31,5048.61279296875,5132.703836150641,5016.684310017037,5132.703836150641,21595
2021-09-01,4982.8076171875,5073.8598503715175,4971.483927863796,5044.530017586674,19661
2021-09-02,4946.98095703125,5007.404032381075,4931.156070887877,5007.404032381075,30033
2021-09-03,4967.6787109375,5035.248313476514,4928.510330794524,4965.636585640434,9203
2021-09-06,4948.46630859375,4998.2618134624345,4942.433291430501,4998.2618134624345,8771
2021-09-07,4967.30712890625,4988.051514621576,4929.670569010353,4965.636628704238,8209
2021-09-08,4960.7177734375,5008.610281899151,4947.073692853957,4992.553357197267,18506
2021-09-09,4957.88623046875,4993.527343338743,4934.311150037126,4960.995644852751,35903
2021-09-13,5096.83203125,5178.138627211813,4965.683252457784,4990.697250158608,59934
2021-09-14,5105.8349609375,5151.268401361601,5061.283450439238,5141.986836674463,7160
2021-09-15,5141.1513671875,5151.268181624649,5114.141924459786,5114.141924459786,9612
2021-09-16,5092.46923828125,5151.26803705621,5071.771531773265,5149.411724250064,6411
2021-09-17,5011.72021484375,5141.058915314154,4980.3020263007065,5127.136567646756,16640
2021-09-20,4989.81591796875,5036.780730779037,4970.8353881430485,5011.117292407461,7431
2021-09-21,4942.1552734375,5022.255000969281,4927.583034586198,4981.091168083017,9614
2021-09-22,4985.591796875,5011.116096309806,4955.983700170892,4956.354872067858,5321
2021-09-23,4976.125,5053.30157147005,4956.355448872135,5012.0448359381135,16910
2021-09-24,4999.70068359375,5029.633730022844,4985.314258178217,5012.044983476194,14917
2021-09-27,4981.693359375,5049.170506803443,4971.205373977801,5010.187940390621,10371
2021-09-28,5005.455078125,5012.0450798888405,4975.846976534088,5006.476140911186,6062
2021-09-29,5061.28369140625,5086.297690709561,4993.48203941924,5008.889528173718,16204
2021-09-30,5015.3857421875,5099.012719940879,4987.912223594422,5095.485453890997,12201
2021-10-01,5122.1240234375,5137.345697827827,5014.829052459576,5037.893829746827,12658
2021-10-04,5357.3173828125,5369.383412953969,5137.344371771862,5141.985152595504,55706
2021-10-05,5333.69677734375,5431.33900821009,5309.054407136619,5383.306916327341,17275
2021-10-06,5318.939453125,5388.876129427061,5309.054677974989,5343.3964652276245,9561
2021-10-07,5339.5439453125,5375.277962087643,5322.048108796616,5336.434531134661,8595
2021-10-08,5334.7177734375,5378.666067406796,5319.264060795228,5339.683500567955,9043
2021-10-11,5288.44921875,5383.306981673127,5276.61522495408,5364.743854150116,9596
2021-10-12,5228.212890625,5325.762233751747,5188.395065645219,5313.649972168874,17188
2021-10-13,5196.14453125,5289.56338332452,5179.112770477421,5266.2665667812025,11789
2021-10-14,5231.92431640625,5267.055124073022,5219.719151329249,5227.422667573684,5156
2021-10-18,5164.81884765625,5267.287216703034,5156.836612511375,5231.924369594681,13419
2021-10-19,5145.69921875,5208.628043066716,5132.705028803662,5208.628043066716,10825
2021-10-20,5092.09814453125,5164.865517008997,5057.524317986016,5132.704987789075,10884
2021-10-21,5101.658203125,5148.158932358346,5063.743374338277,5080.728456256384,8937
2021-10-22,5032.0,5130.338353373144,5016.685419164438,5127.182259003504,10486
2021-10-25,5000.1171875,5067.779692030916,4961.9236458865735,5067.2693873396465,8589
2021-10-26,5197.21142578125,5206.910840814694,4999.050047193109,5002.762672553074,51830
2021-10-27,5100.080078125,5239.720930914979,5095.485522850985,5233.873727112914,8643
2021-10-28,5048.38232421875,5151.175656347049,5030.6082179266905,5151.175656347049,5825
2021-10-29,5034.0888671875,5087.272053888466,4979.605898812411,5069.405041084896,6649
2021-11-01,5108.248046875,5136.324778890996,5059.751873392825,5077.015673636325,10782
2021-11-02,5024.2890625,5136.529804181599,4984.366452010962,5046.40057352386,16589
2021-11-03,5087.44482421875,5100.160255481274,5025.4577245279415,5030.0388954150785,4904
2021-11-04,5090.06298828125,5127.27387427238,5053.412707958099,5090.810766851407,1837
2021-11-08,5050.9345703125,5076.785884109138,5006.664532118681,5006.664532118681,5593
2021-11-09,5052.291015625,5086.1364444254095,5026.299545079228,5076.786928902568,3826
2021-11-10,5005.9638671875,5048.1768344079055,4992.640808849278,5042.1932363528385,8081
2021-11-11,4837.71923828125,5031.628539563842,4814.345451387907,5030.038939447385,21008
2021-11-12,4828.884765625,4878.577350863565,4815.000643339854,4878.577350863565,8060
2021-11-15,4810.41943359375,4852.211495030421,4786.952057787839,4828.884727176037,9210
2021-11-16,4784.14697265625,4819.675130749066,4777.602311954942,4814.065421576516,7209
2021-11-17,4760.91357421875,4805.6510984134875,4735.529730245976,4784.1472121754505,9561
2021-11-18,4682.4248046875,4764.513372892154,4674.758018928722,4741.139582797509,9177
2021-11-22,4675.27099609375,4693.26881037218,4616.789969188935,4684.106469347218,11367
2021-11-23,4676.25341796875,4707.480706125589,4650.682403663398,4707.480706125589,7507
2021-11-24,4679.666015625,4711.641539671081,4656.058490147845,4707.480822870361,8787
2021-11-25,4700.1884765625,4735.202137168865,4628.010036417124,4702.806158217804,5387
2021-11-26,4676.76806640625,4731.790059508592,4656.246152646204,4656.246152646204,4898
2021-11-29,4636.98583984375,4676.160218832616,4584.067490340161,4660.733518120682,6414
2021-11-30,4978.3369140625,5000.121103502563,4633.199169385934,4659.798724730137,31362
2021-12-01,4991.37890625,5020.643163120464,4892.321065321532,4985.161569864514,23056
2021-12-02,4953.419921875,5018.913552459141,4887.926747810174,5001.990837946524,4109
2021-12-03,4906.15771484375,4958.514995840654,4856.558723221352,4931.775293170525,2143
2021-12-06,4865.11376953125,4889.141749430583,4808.1282923797635,4868.152361939245,3382
2021-12-07,4888.8154296875,4898.8191380560365,4772.273345666435,4889.4230569333595,3691
2021-12-08,4991.14501953125,5011.807539081297,4896.153855385183,4899.145882806827,4804
2021-12-09,4956.87841796875,5002.0363864598285,4923.453906544714,4997.31506465657,5072
2021-12-10,4914.94677734375,5025.411213143449,4872.359916281843,4919.715121616113,4006
2021-12-13,4905.31689453125,4950.568458256588,4899.146122996132,4939.536212572069,3220
2021-12-14,4959.73095703125,4978.944485904311,4873.014198020257,4898.211325699106,5851
2021-12-15,4924.29638671875,4978.617164835184,4888.908378102395,4978.617164835184,2001
2021-12-16,4882.22412109375,4936.591470367236,4873.4356665433315,4935.609953704028,1740
2021-12-17,4784.14697265625,4906.672187892305,4768.252796667359,4906.672187892305,3181
2021-12-20,4777.0419921875,4812.710307249382,4674.758370348157,4768.253537755119,5756
2021-12-21,4750.53515625,4796.3012149732995,4730.854609700759,4786.390637728171,4062
2021-12-22,4882.41015625,4936.543754986625,4729.872915427705,4750.534977671607,5290
2021-12-23,4853.5205078125,4911.721239867516,4805.650807434231,4882.316831988629,3370
2021-12-24,4771.29150390625,4861.748066489492,4758.903395852214,4831.362141073932,4365
2021-12-27,4656.666015625,4795.1789866205445,4642.034116210087,4795.1789866205445,11590
2021-12-28,4683.7333984375,4773.8160720118685,4670.083014438781,4693.456803299836,12267
2021-12-29,4696.0283203125,4720.196911358559,4682.985562408684,4683.640211160315,5485
2021-12-30,4782.6044921875,4795.272903054704,4684.107255305507,4684.107255305507,5504
2021-12-31,4991.14501953125,5118.859486329652,4685.041988310117,4805.463559462996,19169
2022-01-03,4909.89794921875,4980.159465243042,4871.097460807329,4955.243098326074,6327
2022-01-04,4879.46484375,4945.799372376905,4873.901700252891,4910.364805242314,4131
2022-01-05,4849.40673828125,4903.8211035826935,4832.8113475112605,4880.447313765808,4968
2022-01-06,4801.25634765625,4842.955276661854,4779.565746350776,4817.898758587807,5056
2022-01-07,4753.8544921875,4825.2381305761755,4726.179836460452,4786.951684011377,6041
2022-01-10,4781.06201171875,4809.2972751361285,4754.322305593411,4757.454484647344,2805
2022-01-11,4829.44580078125,4837.392889177126,4732.8184640992995,4804.014935306719,4056
2022-01-12,4830.005859375,4860.812692921691,4769.187448854308,4829.9592944092055,5294
2022-01-13,4854.50244140625,4880.213610386686,4777.602672364762,4838.374526318521,4804
2022-01-14,4819.02001953125,4854.501609249749,4787.932884183847,4854.501609249749,2698
2022-01-17,4730.19921875,4843.094595128934,4720.56940237878,4819.019597681667,10039
2022-01-18,4723.6083984375,4794.384404838903,4721.5047577038695,4730.85427207556,6091
2022-01-19,4724.5439453125,4758.80982849945,4721.505352758744,4747.263085491317,3835
2022-01-20,4736.09033203125,4768.158985347604,4721.504997566594,4743.943833198594,16876
2022-01-21,4762.4091796875,4772.319756842584,4696.495099261886,4721.505051763804,4896
2022-01-24,4726.31982421875,4753.293265386174,4696.261225813288,4712.155400776223,8232
2022-01-25,4720.9443359375,4744.879187279661,4673.1216547429685,4698.131609079862,4609
2022-01-27,4725.05810546875,4747.45037838465,4712.155956291397,4722.440423656319,4736
2022-01-28,4760.9609375,4839.309702549453,4700.422818635998,4744.7860001698955,5321
2022-01-31,4729.68603515625,4796.254766457447,4702.806178766678,4760.960346328531,3934
2022-02-01,4752.45263671875,4816.263084324456,4740.204679281039,4740.204679281039,4536
2022-02-02,4761.98828125,4835.5225817691435,4713.511411303349,4756.238420842251,4790
2022-02-03,4764.37255859375,4798.077376613179,4734.594262852327,4768.25251590578,3123
2022-02-04,4744.271484375,4768.206335335295,4725.9463427091805,4768.206335335295,2263
2022-02-07,4719.91552734375,4768.15911658424,4698.131339759151,4754.228430383141,7005
2022-02-08,4697.47705078125,4756.285870503841,4686.023893901881,4743.523416194224,11147
2022-02-09,4680.9755859375,4768.253413745918,4674.758248770508,4701.871846613377,14987
2022-02-10,4625.017578125,4680.974512838702,4618.800242383312,4675.692128532433,8433
2022-02-11,4600.47509765625,4636.424162914499,4585.936785459895,4619.127561379125,3130
2022-02-14,4534.56201171875,4598.232309604746,4483.093106626845,4581.263028669769,14002
2022-02-15,4483.138671875,4557.2335727035115,4446.629001140703,4512.543076956603,10317
2022-02-16,4477.3427734375,4507.588547059042,4459.718845605408,4505.578036032684,13876
2022-02-17,4345.6083984375,4469.723221241403,4325.086028556355,4453.1743955931515,11437
2022-02-18,4371.64697265625,4412.972020370011,4270.999513537917,4343.785594626922,6314
2022-02-21,4277.076171875,4393.524665558367,4258.7044645557,4393.524665558367,5110
2022-02-22,4268.333984375,4289.557566450553,4196.06241460987,4253.935822295393,7390
2022-02-23,4319.802734375,4360.613271133975,4207.281243589813,4268.053083774999,5887
2022-02-24,4247.43798828125,4288.38868030093,4197.932125045222,4288.295093849523,11472
2022-02-25,4308.6298828125,4338.174437961081,4218.594246804751,4273.195316530414,4965
2022-02-28,4272.12060546875,4338.68887645056,4254.96415463128,4338.174835747998,8361
2022-03-02,4261.04150390625,4295.120669030123,4215.742920670063,4293.484503888744,6147
2022-03-03,4247.8125,4300.7774175448085,4221.353095454369,4295.16770786975,5049
2022-03-04,4209.2451171875,4260.527296776759,4197.932113062252,4247.484541122898,7229
2022-03-07,4127.15625,4190.218911682403,4114.7215775789045,4189.517698052959,4707
2022-03-08,4190.03173828125,4202.607018642189,4113.786625589684,4123.136140647843,12050
2022-03-09,4204.14990234375,4242.81024121799,4172.034224485051,4215.883818504635,10337
2022-03-10,4264.08056640625,4277.403626883428,4230.001397525311,4254.029836572589,2703
2022-03-11,4093.872314453125,4276.234421866751,4082.933199298629,4248.4661797172075,50223
2022-03-14,3999.582275390625,4142.676416631221,3978.3121292452547,4095.087477658182,32507
2022-03-15,4030.482421875,4065.8704282601234,3973.543965531595,4020.2915415966727,12422
2022-03-16,4037.400390625,4077.8370381002364,3975.60046917881,4041.7948447502326,9743
2022-03-17,4076.529296875,4128.65285074149,4010.9425307127867,4047.4056446283575,23746
2022-03-21,4059.7470703125,4106.681367301079,4021.226881308596,4068.9094134980264,80332
2022-03-22,4010.38037109375,4080.034249129984,3999.722016630978,4059.7926429910854,15783
2022-03-23,3983.454345703125,4021.3664454068007,3957.6495936891774,4021.3198804407607,15924
2022-03-24,3988.5029296875,4020.2912793380806,3937.5946400658495,3999.7223472112346,21493
2022-03-25,3951.2451171875,4019.356424003961,3944.700456808801,4006.2671032465623,14019
2022-03-28,3866.49169921875,3961.8567465698106,3854.758241196495,3954.844610735174,50877
2022-03-29,3772.856689453125,3875.0937289789777,3758.505092386051,3856.675001515537,22812
2022-03-30,3756.58837890625,3837.8823671560203,3741.6759479540146,3786.553620493193,15259
2022-03-31,3742.0498046875,3821.6610621319096,3739.8060123839273,3756.588346212571,15195
2022-04-01,3895.3818359375,3931.5176200867627,3731.9990614114276,3760.3749307231037,38941
2022-04-04,4093.40478515625,4195.734951550957,3926.796247477013,3932.40595640198,51101
2022-04-05,4129.6806640625,4215.649634775383,4095.0874594959814,4134.542594339018,17071
2022-04-06,4111.63623046875,4225.466571062033,4053.01459114483,4137.160222794896,13642
2022-04-07,4069.003173828125,4145.108146956934,4053.996925909819,4118.462024888981,7398
2022-04-08,4115.04931640625,4123.089991470982,4060.35464780037,4093.825732476234,5915
2022-04-11,4087.93603515625,4205.833532321912,4072.041856729205,4188.536926386598,8941
2022-04-12,4037.2607421875,4087.9352962680064,4002.3402122395696,4087.9352962680064,9632
2022-04-13,4018.749267578125,4061.8971922536593,3998.97513270725,4061.5233029206515,8183
2022-04-18,4020.7587890625,4033.848109617523,3970.7388855129493,3987.5680119408353,5847
2022-04-19,3980.18212890625,4068.86237014001,3942.2230066360876,4020.7589327732703,9115
2022-04-20,4016.97216796875,4113.786203863337,3938.108925234021,4000.0960211072647,18518
2022-04-21,3983.54833984375,4060.494671503753,3950.1703861624123,4060.494671503753,8419
2022-04-22,3923.430908203125,4018.0011737766104,3915.57740585628,3983.548571607704,6933
2022-04-25,3993.177978515625,4072.648858443939,3880.376167897708,3923.4305031805625,19903
2022-04-26,4128.04443359375,4159.599045367441,3993.177685494345,3993.177685494345,25394
2022-04-27,4167.826171875,4195.080370423688,4045.488146295815,4119.068547627169,16133
2022-04-28,4172.548828125,4206.01991270711,4072.649158630215,4197.93267269276,16031
2022-04-29,4148.240234375,4197.979387221423,4040.2998859925406,4139.030869507847,13636
2022-05-02,4127.857421875,4148.379789830195,4063.3457686186816,4081.2504549914793,4488
2022-05-04,4130.89599609375,4186.712782795454,3987.194225629335,4095.0875365440124,16499
2022-05-05,4167.40673828125,4174.4654404783105,4051.145411814865,4142.77067153281,9517
2022-05-06,4044.97412109375,4095.0876133278302,3937.408132488369,3937.408132488369,14716
2022-05-09,4103.03466796875,4148.519967253175,3998.6474240376274,4044.9740883702907,61932
2022-05-10,4058.671875,4123.557887880927,4040.8612278091036,4103.035515557671,16057
2022-05-11,4061.0556640625,4131.550919978916,4020.1045120574345,4131.550919978916,5621
2022-05-12,4058.601318359375,4085.9262720482293,3997.2503681981284,3997.2503681981284,16027
2022-05-13,4160.06640625,4209.619097419172,4039.7711649591247,4049.1627641094724,6776
2022-05-16,4105.888671875,4175.545409708746,4066.906947032192,4160.066185842302,9683
2022-05-17,4242.04052734375,4266.250462684866,4090.7393771122347,4105.888618219349,8384
2022-05-18,4208.0615234375,4309.66803753622,4131.419848803252,4233.21531939333,15260
2022-05-19,4099.89501953125,4213.205315090152,4059.544973583633,4177.150111958072,16548
2022-05-20,4121.2265625,4131.797526595202,4099.989695189241,4099.989695189241,1658
2022-05-23,4134.7236328125,4198.434235448315,4105.794392085845,4121.509581895442,4858
2022-05-24,4097.44140625,4155.441839397828,4067.3323375334267,4155.441839397828,3852
2022-05-25,4006.311279296875,4122.406147132743,3987.811517126367,4117.969817428618,3342
2022-05-26,3964.5458984375,4026.3687823186683,3917.0224138450144,4026.3687823186683,2769
2022-05-27,4010.606201171875,4051.6641477636736,3966.6221937984747,3973.654141413166,3230
2022-05-30,3987.57568359375,4038.8271377142933,3974.597598346241,3974.597598346241,3556
2022-05-31,4028.727783203125,4055.344377576995,3964.2618229166883,3991.7757301443658,2235
2022-06-01,4091.966552734375,4112.401044589712,4016.127253782241,4044.3485963646526,3771
2022-06-02,4106.31298828125,4162.425691302038,4072.7589247093633,4092.5799994298495,3972
2022-06-03,4080.829345703125,4149.825665201045,4058.6016072947145,4126.890031163455,2801
2022-06-06,4113.8642578125,4131.184195465668,4039.7711858712387,4058.6013929608093,2291
2022-06-07,4111.92919921875,4133.3550217674565,4072.758979600346,4079.460482841489,1257
2022-06-08,4136.47021484375,4223.777344307081,4115.233345514832,4126.182223653876,8226
2022-06-09,4034.86328125,4136.516809063764,3980.3553221007564,4136.516809063764,6079
2022-06-10,4005.556396484375,4049.0684728178494,3975.116884789234,4035.0050386581897,1536
2022-06-13,3938.87255859375,4011.4083523866943,3928.443081225355,4011.4083523866943,3156
2022-06-14,3893.000732421875,3938.872457756973,3880.306081659261,3938.872457756973,8099
2022-06-15,3921.505615234375,3992.531139645323,3797.38792141325,3912.491929042324,45630
2022-06-16,3802.862548828125,3959.543217229313,3785.9673015963945,3941.1379309202694,9841
2022-06-17,3767.98681640625,3803.806287912698,3699.603916652852,3802.8151879792867,43041
2022-06-20,3730.656982421875,3791.630250718111,3682.0481521170723,3724.474648208778,10387
2022-06-21,3761.992919921875,3784.8815427176114,3729.193759420769,3729.193759420769,4667
2022-06-22,3764.871826171875,3785.7310105995193,3744.720306875828,3775.443020542443,2741
2022-06-23,3778.322021484375,3799.0397199571885,3756.3300187576697,3769.92152210361,4310
2022-06-24,3824.52392578125,3917.0222833149523,3780.162468596719,3797.2464410906246,4573
2022-06-27,3856.945556640625,3868.4603815337455,3822.5888862896186,3843.6842667111837,1558
2022-06-28,3833.349365234375,3880.3534513381046,3794.367865941614,3872.3306340923577,4180
2022-06-29,3864.260498046875,3869.82918445548,3797.1046655240657,3833.018614164318,1646
2022-06-30,3955.5791015625,4146.333460244975,3860.862578690253,3864.2605697232916,16144
2022-07-01,3910.32080078125,3958.7881448447133,3871.811464640378,3956.6644580530583,3956
2022-07-04,3969.31201171875,4019.667076247881,3905.7428963372627,3934.1531978437315,52606
2022-07-05,4043.169677734375,4099.140905980837,3975.7310925237357,3989.1811104339745,6206
2022-07-06,4054.825927734375,4089.89026368322,4016.6940442377795,4042.5557375433727,10968
2022-07-07,3997.439208984375,4141.660946379223,3988.566549291514,4079.366137249544,5136
2022-07-08,4032.97607421875,4058.5547963734534,3955.3905251321435,3998.289186698676,4882
2022-07-11,4052.324951171875,4072.7594457885393,4032.9758043262977,4032.9758043262977,2277
2022-07-12,4036.79833984375,4072.6180431176786,4011.40857538756,4072.570573553884,2877
2022-07-13,4082.764404296875,4107.6822374605035,4001.4508878409056,4052.9383105825837,3521
2022-07-14,3984.177978515625,4104.567701732312,3950.0575023004853,4045.387444410963,4587
2022-07-15,3978.84521484375,4023.2066725824893,3965.1592332009473,4004.140500015048,1500
2022-07-18,4001.308837890625,4029.3416875276284,3940.6187738177205,4003.527002907277,4255
2022-07-19,4041.37646484375,4060.3951700696343,3964.2158351944295,4019.620655143672,2579
2022-07-20,4153.60107421875,4228.496523340668,4033.16433999612,4040.621209257469,12842
2022-07-21,4153.78955078125,4174.4129997318105,4088.851656582927,4155.818759159746,14946
2022-07-22,4171.5341796875,4186.0225347494315,4136.044922393737,4163.369876162287,3017
2022-07-25,4098.99853515625,4247.373638612943,4068.9839457911994,4161.482305032104,4823
2022-07-26,4057.280029296875,4126.795283368053,4043.216595889629,4124.671596619221,1888
2022-07-27,4108.0595703125,4128.494064043574,4040.7150114263436,4082.1033988396625,4802
2022-07-28,4146.7109375,4152.987519645558,4084.085681251439,4096.450349904289,3056
2022-07-29,4184.04052734375,4223.777159949812,4131.89221715666,4152.9875986098705,4671
2022-08-01,4137.8388671875,4221.842480999869,4105.794607683166,4184.13505651942,3992
2022-08-02,4159.9716796875,4196.31031770916,4106.124609512293,4136.894561413624,4372
2022-08-03,4193.33837890625,4200.181371027587,4149.590330204881,4159.595348790691,3171
2022-08-04,4185.6923828125,4238.879033331597,4140.009610320802,4194.706530358127,6654
2022-08-05,4181.53857421875,4236.471447471114,4157.706093207741,4202.067543010411,2999
2022-08-08,4160.962890625,4206.83415198648,4152.9870833557625,4203.955561196946,1835
2022-08-10,4158.50927734375,4227.50559531652,4143.548991203878,4186.730623629294,4415
2022-08-11,4113.81689453125,4195.4608457477125,4102.632052971051,4179.3207354720635,2762
2022-08-12,4125.14404296875,4138.924504214247,4106.738755510132,4116.271842726716,2188
2022-08-16,4143.87890625,4179.415169343899,4125.190187914172,4145.813636332459,5948
2022-08-17,4148.50439453125,4169.694254928722,4140.434568624082,4169.552307105798,5389
2022-08-18,4115.46923828125,4173.375193139308,4058.460135571338,4169.269306300752,5702
2022-08-19,4130.3349609375,4170.449045910042,4106.974405571137,4136.092604130997,2200
2022-08-22,4088.23828125,4151.005019910177,4081.3008126978707,4151.005019910177,13050
2022-08-23,4055.581298828125,4117.121213371234,4049.1632291065093,4078.4229167760436,30940
2022-08-24,4002.488525390625,4086.4921322733926,3992.200535373266,4075.87369881911,6376
2022-08-25,3971.95556640625,4027.31291521844,3923.8186612009417,4011.408767109046,9679
2022-08-26,3979.317138671875,4057.657585187474,3938.778132904243,3971.9552087688244,6874
2022-08-29,3936.324462890625,3978.278798984146,3920.8922466163995,3959.496061213322,4982
2022-08-30,3971.671630859375,4009.426061554337,3934.011678415053,3956.0509195071404,13665
2022-09-01,4025.80224609375,4035.004888822644,3945.6685569668266,3978.1842847538683,5224
2022-09-02,3978.420654296875,4035.0052989184264,3972.899436794015,4035.0052989184264,9092
2022-09-05,4034.202392578125,4041.942235191309,3964.2152090961986,4003.2439438644174,5087
2022-09-06,4064.877685546875,4105.794140012624,4026.179395951354,4052.9379395894725,3742
2022-09-07,4062.56591796875,4082.198038639129,4034.108145604917,4058.601518184568,1634
2022-09-08,4038.072509765625,4082.905898233776,4006.689137837919,4051.145074156035,5805
2022-09-09,4049.44580078125,4058.2709914240177,4003.6215433468988,4058.2709914240177,5141
2022-09-12,4028.869384765625,4069.7383685940895,3999.9401465791916,4069.7383685940895,14774
2022-09-13,4054.825927734375,4067.0961179253777,4013.767983633713,4028.869756176485,13698
2022-09-14,4058.88427734375,4080.21562288003,3999.657014136266,4035.0047842549134,41992
2022-09-15,4058.601318359375,4118.630955614129,4021.790748262627,4063.3206222179324,53698
2022-09-16,3914.662353515625,4078.847110833656,3869.828969117315,4068.1341994403715,13045
2022-09-19,3846.94091796875,3953.5501869475193,3836.794413676739,3931.0390131583076,11647
2022-09-20,3868.93212890625,3879.2205795267973,3856.6149307659193,3860.390373674158,9760
2022-09-21,3865.72314453125,3892.528697352021,3856.6149805713976,3892.528697352021,7918
2022-09-22,3867.280517578125,3886.771611018023,3856.5205970602656,3883.9400287307176,4573
2022-09-23,3864.44921875,3882.052360471805,3844.4394163987677,3867.2805706413983,2938
2022-09-26,3779.831787109375,3883.7979545344547,3775.4429268807758,3883.7979545344547,4710
2022-09-27,3716.924072265625,3798.7567628636434,3709.4204245043047,3798.7567628636434,10902
2022-09-28,3743.1630859375,3745.900189995269,3681.57617072487,3732.02548276995,5314
2022-09-29,3778.699462890625,3803.7590131460715,3704.7008685556843,3761.8986946116124,7380
2022-09-30,3876.388916015625,3916.9274568706082,3775.4428290267288,3797.6235556472607,7322
2022-10-03,3908.197021484375,3936.8432881476774,3844.8168626875004,3844.8168626875004,6411
2022-10-04,3959.118408203125,3983.045370474614,3927.7820468438854,3927.7820468438854,4348
2022-10-06,4088.19140625,4109.569760348927,3936.8432407936098,3968.8400284717577,14852
2022-10-07,3997.3916015625,4081.914604829195,3954.7763825969582,4072.7589715765807,4260
2022-10-10,3988.000732421875,4020.799894365824,3942.317502198572,3984.0363328175326,1937
2022-10-11,3981.440673828125,4028.3507382184266,3956.428363543897,3995.64559400023,4783
2022-10-12,3906.54541015625,4001.308943204974,3869.9237951152386,3981.4408575235416,3623
2022-10-13,3900.740966796875,3937.7404968342366,3871.953210584352,3893.615001656025,3028
2022-10-14,3905.4130859375,3929.9534671737742,3875.3035571865935,3928.3487194374325,2549
2022-10-17,3928.962158203125,3935.8996274181663,3884.9781517276133,3890.8772818646307,1510
2022-10-18,3869.876220703125,3955.720543302756,3851.7071310570996,3915.511981755266,4416
2022-10-19,3781.106689453125,3917.9665172041746,3766.004915356458,3871.8118122951487,6927
2022-10-20,3865.156982421875,3874.5483507295066,3781.106137155275,3791.48860533019,3034
2022-10-21,3778.5107421875,3869.8292744566916,3728.2501546594954,3856.284779822187,8395
2022-10-24,3809.233642578125,3816.9260162874107,3728.250336027583,3814.2831598356765,1072
2022-10-25,3784.220947265625,3828.299198159455,3766.0043887219495,3787.288494700048,4530
2022-10-27,3799.700439453125,3829.715259477574,3748.165777179797,3794.320478890905,6412
2022-10-28,3798.143310546875,3822.6364535884677,3776.9064413602723,3799.983793122758,2498
2022-10-31,3806.44921875,3885.167119349551,3779.218741785752,3798.143197406374,7226
2022-11-01,3871.8115234375,3879.078975157588,3813.2449140512836,3825.5151045894045,5965
2022-11-02,3993.52197265625,4064.4534790360963,3856.0487420928575,3871.8114014816056,9130
2022-11-03,3981.582763671875,4012.0222779666374,3945.338596964586,4012.0222779666374,3644
2022-11-04,4002.724365234375,4030.285282662676,3961.6664238302,4000.6951568561135,4344
2022-11-07,3987.1513671875,4015.3731764510426,3918.768922333222,4002.725071848706,3635
2022-11-09,3976.1552734375,3987.1511600440185,3954.776917596242,3987.1511600440185,1954
2022-11-10,3995.26806640625,4001.9695698882188,3929.339301011431,3931.180013817083,1612
2022-11-11,3988.660888671875,4011.408023993595,3917.9658135523327,3995.2679136525703,3924
2022-11-14,4117.8759765625,4134.110567705881,4033.1174556637516,4060.725385824801,12114
2022-11-15,4095.352294921875,4145.035944946924,4041.0315966453254,4145.035944946924,3092
2022-11-16,4062.41943359375,4115.8409110858975,4029.438860169129,4115.8409110858975,3717
2022-11-17,4012.924560546875,4080.636553420453,3992.6726513670183,4041.0314952623235,16007
2022-11-18,3964.0927734375,4048.507848426713,3936.8379264738487,4017.2781244907424,6763
2022-11-21,4009.329345703125,4021.0640601450555,3880.435556492527,3974.692645942394,3853
2022-11-22,3935.51318359375,4021.063609004918,3922.642659290512,4021.063609004918,3987
2022-11-23,3904.283447265625,4020.1172414666476,3887.4856409953723,3955.1971766469237,13110
2022-11-24,3871.302978515625,3945.0239646353916,3848.827039937187,3923.8256981410277,10642
2022-11-25,3862.927490234375,3925.3398052234575,3837.4706258490855,3880.05661306566,27829
2022-11-28,3866.381591796875,3920.1346141751515,3861.1292741490247,3880.056378434069,5673
2022-11-29,3845.183349609375,3898.03738422375,3832.786234112468,3880.0095010399586,12563
2022-11-30,3940.62353515625,3967.12148399976,3846.9817228626735,3863.9687545732395,59921
2022-12-01,3925.623291015625,4005.353717845475,3919.803298863351,3955.7647970180606,5228
2022-12-02,3955.150146484375,3976.679729728186,3936.8380788682825,3936.8380788682825,4066
2022-12-05,3895.529296875,3975.6381716632354,3880.056297029104,3944.9763557822607,4457
2022-12-06,3873.621337890625,4067.4349430419056,3856.3977182167905,3905.6081921670416,6931
2022-12-07,3926.001953125,3932.1061294244623,3873.668691760934,3908.257791891135,3432
2022-12-08,3972.04248046875,3974.6920903606456,3889.5201169957745,3926.0019274187157,3665
2022-12-09,3971.994873046875,3991.9159284519533,3928.3678032976304,3974.6920779458437,3270
2022-12-12,3957.89404296875,3991.7262414351576,3914.219842820524,3938.8250780688204,5422
2022-12-13,3965.65478515625,4010.6537952156373,3942.5633459715164,3951.1281387612594,4424
2022-12-14,3963.146240234375,4004.0289709318854,3951.1278060874897,3968.0674722565336,9293
2022-12-15,3994.7548828125,4012.5461763064,3964.8023701047296,3982.9254424342384,3213
2022-12-16,3897.185791015625,3984.2028822063376,3866.618469105766,3984.2028822063376,4463
2022-12-19,3862.312255859375,3916.680548283751,3813.6223258196815,3916.680548283751,9557
2022-12-20,3920.27685546875,3936.8380733252866,3843.196261996653,3862.3125929708717,3656
2022-12-21,3914.031005859375,3971.8534102536587,3872.5808262986197,3927.3747087330676,19819
2022-12-22,3883.03759765625,3932.1062116316652,3837.61254394787,3927.374435203709,10516
2022-12-23,3844.6630859375,3911.4758616963445,3823.2280000352985,3907.642845526929,7136
2022-12-26,3846.129638671875,3921.033565105968,3725.9898845873818,3856.870863293622,10271
2022-12-27,3892.974365234375,3916.964564370121,3837.328858746619,3846.1771421249123,6406
2022-12-28,3879.820068359375,3954.8187244768164,3865.8613279463493,3873.290309329434,5483
2022-12-29,3919.8505859375,3946.301400060687,3879.1101771819554,3898.037282218218,9328
2022-12-30,3740.9423828125,4008.8080571869673,3662.4896233364684,3903.7154892743642,59949
2023-01-02,3787.077392578125,3827.4867184348623,3742.9300094252562,3761.7623878298364,18926
2023-01-03,3853.274658203125,3865.908593316286,3783.1025082324045,3808.9851859152222,7686
2023-01-04,3806.71435546875,3866.760555588021,3784.4750049768877,3853.558944802672,9706
2023-01-05,3809.31640625,3830.420174180229,3761.856783675034,3830.420174180229,6091
2023-01-06,3796.635498046875,3828.338399722806,3766.541354127835,3809.3165662997403,5380
2023-01-09,3790.2001953125,3815.609695518074,3766.5886776905545,3796.872046130729,5370
2023-01-10,3815.751953125,3838.417116467377,3780.3109931671615,3791.1940791729244,4542
2023-01-11,3814.143310546875,3822.7076414794797,3792.0458210935412,3797.7239530941806,4136
2023-01-12,3862.785888671875,3877.2178075307584,3801.13093101357,3813.906728036188,5537
2023-01-13,3854.41015625,3872.4382697417973,3833.7324329269354,3861.129370856985,2285
2023-01-16,3891.697021484375,3902.769564200385,3824.411292987797,3861.0825637474395,8083
2023-01-17,3855.640625,3883.8420584754617,3843.1961455196147,3881.996480849504,2694
2023-01-18,3866.05078125,3878.0694478358987,3839.268878971263,3861.17714367598,3151
2023-01-19,3866.996826171875,3903.7154565537885,3863.0221802794094,3868.605583908853,3410
2023-01-20,3865.766845703125,3910.2931418150206,3834.7265753078273,3861.177160918814,4918
2023-01-23,3845.562255859375,3888.9525092087133,3766.4942216558084,3885.119954948838,6041
2023-01-24,3849.157958984375,3864.7728199622484,3811.776928158557,3811.776928158557,2617
2023-01-25,3832.880859375,3864.915078977473,3823.275445413563,3836.0512420752175,2816
2023-01-27,3826.019775390625,3852.091910287726,3792.0457123122505,3837.470767014269,4278
2023-01-30,3805.57861328125,3851.6660701725946,3792.2822751103513,3826.019749130594,5781
2023-01-31,3874.23681640625,3917.91102197525,3796.8722690520285,3796.8722690520285,4479
2023-02-01,3879.205078125,3897.091100764423,3845.0889235669115,3893.636996358768,4392
2023-02-02,3869.078857421875,3891.129212829976,3842.9122261912426,3842.9122261912426,2838
2023-02-03,3882.375732421875,3889.425802603062,3849.347791723478,3888.3847192892904,2928
2023-02-06,4450.42529296875,4502.711423749873,4116.6455909119695,4116.6455909119695,173972
2023-02-07,4461.970703125,4594.034868162639,4259.592521113483,4427.050283473219,76695
2023-02-08,4434.7626953125,4495.187572253883,4398.84878975091,4456.387005840745,14181
2023-02-09,4424.92138671875,4439.163851056591,4396.862040732549,4424.211620148672,6705
2023-02-10,4450.6142578125,4471.528802406345,4378.833115730964,4447.822786923845,11653
2023-02-13,4479.470703125,4528.057874464642,4457.446192150163,4490.841037121393,5881
2023-02-14,4439.81787109375,4505.79483283008,4396.2946497048,4479.471044979604,9581
2023-02-15,4442.158203125,4481.238448198449,4396.246706578776,4439.817512738515,5680
2023-02-16,4460.0732421875,4485.919742232789,4433.510585215741,4435.039475279613,5054
2023-02-17,4388.98486328125,4471.731091750934,4376.181282098136,4471.731091750934,3010
2023-02-20,4381.57958984375,4410.961155217686,4355.016930370305,4410.961155217686,3307
2023-02-21,4398.6357421875,4423.956443212365,4366.626554099462,4371.40404485887,11237
2023-02-22,4371.73828125,4395.816553197153,4361.848782703936,4361.848782703936,2746
2023-02-23,4354.82568359375,4393.571410247031,4347.516216671683,4352.293707019673,2302
2023-02-24,4470.7275390625,4500.825725963817,4319.806443836623,4319.806443836623,22780
2023-02-27,4470.583984375,4519.601313116031,4413.1108713321455,4469.819772573721,8983
2023-02-28,4468.8642578125,4574.351146341466,4437.858160316014,4469.819755836407,11255
2023-03-01,4668.611328125,4700.7161577551815,4455.583305600613,4468.864635946367,23114
2023-03-02,4825.88623046875,4872.944510382448,4703.200371679232,4776.487260216308,67619
2023-03-03,4755.80029296875,4895.972044565611,4732.29541400559,4864.488196963547,28224
2023-03-06,4860.28369140625,4918.807942497615,4771.565610931277,4918.807942497615,29823
2023-03-08,4865.634765625,4930.322167844471,4834.8199546492215,4911.212207549414,16815
2023-03-09,4873.8994140625,5015.408754180649,4868.262069451402,4873.039559215339,22764
2023-03-10,4885.7001953125,4972.411639643328,4813.846558403329,4873.899701589082,13052
2023-03-13,4856.31884765625,4922.72596224791,4828.705047273096,4901.752593392852,12056
2023-03-14,4663.546875,4880.588152924858,4591.263544432106,4880.588152924858,16110
2023-03-15,4646.87353515625,4777.49030676389,4624.610616947445,4663.5471629475705,6902
2023-03-16,4635.69384765625,4711.464646838106,4589.495429458729,4662.829895541268,5504
2023-03-17,4649.6923828125,4758.380285929874,4586.486280156138,4662.973712388574,10531
2023-03-20,4697.65869140625,4777.490368848999,4596.948821189479,4777.442780566029,4191
2023-03-21,4602.681640625,4716.338318947245,4548.170664138754,4706.783338560399,4754
2023-03-22,4718.583984375,4729.715443573254,4582.855203684414,4594.1303608345115,7408
2023-03-23,4668.802734375,4757.090668213523,4662.735227943474,4718.584280222778,6135
2023-03-24,4683.134765625,4907.342287260609,4663.499467535975,4697.085130310642,23424
2023-03-27,4657.001953125,4738.028469445357,4648.498113606766,4691.447938502226,4946
2023-03-28,4629.19677734375,4709.506668573782,4590.021357197915,4657.001863977126,10327
2023-03-29,4368.2021484375,4662.830037235898,4292.8610411033715,4624.610118897899,22577
2023-03-31,4477.51123046875,4573.061030771552,4397.154221655501,4397.154221655501,13435
2023-04-03,4508.708984375,4548.170868525309,4465.950445222372,4499.91821540335,5100
2023-04-05,4549.69921875,4579.128369550242,4478.084459411792,4531.257828032457,4276
2023-04-06,4524.66552734375,4610.278248860936,4514.728440594388,4572.39284319361,6643
2023-04-10,4702.197265625,4758.2847221276315,4584.479717358075,4758.2847221276315,15486
2023-04-11,4636.984375,4741.133660802108,4624.610488827571,4720.160292315744,8721
2023-04-12,4613.5263671875,4678.070535861535,4605.500277441728,4636.984122598051,5711
2023-04-13,4643.67236328125,4672.815050220034,4605.595677364001,4613.52612358239,4129
2023-04-17,4539.61865234375,4653.17968460674,4519.505605771751,4643.672759299441,11128
2023-04-18,4547.310546875,4623.559099342459,4526.193948127954,4539.618508176285,6037
2023-04-19,4499.5830078125,4605.5476355058445,4483.19631153571,4547.310316291931,6577
2023-04-20,4444.73779296875,4520.508597261666,4428.733201571486,4499.58328450634,7755
2023-04-21,4472.92529296875,4537.660286527871,4443.113566878743,4459.739606362663,8057
2023-04-24,4479.470703125,4508.99550088848,4419.178680146052,4463.418055231442,15742
2023-04-25,4567.28076171875,4583.858746496853,4443.066012969077,4501.54268130887,9797
2023-04-26,4480.330078125,4584.479359105087,4471.730596209213,4567.280395273512,12294
2023-04-27,4435.23046875,4507.46621149506,4419.178288829658,4480.330161366977,10748
2023-04-28,4451.47412109375,4500.491450905851,4428.542167933033,4442.731407261583,11070
2023-05-02,4446.505859375,4499.105840886884,4437.141698468461,4481.142664003642,33991
2023-05-03,4491.22265625,4533.837959889342,4452.620630787004,4452.620630787004,5453
2023-05-04,4483.67431640625,4525.381710343877,4477.750042249754,4513.676859970733,6628
2023-05-05,4539.7626953125,4552.900794002202,4487.066602599273,4508.995470305714,4145
2023-05-08,4506.22412109375,4539.570907317261,4484.008793037525,4495.618000195267,4111
2023-05-09,4461.31591796875,4531.401791352072,4435.613114428895,4501.446834983946,8050
2023-05-10,4510.61962890625,4523.327565780451,4461.889230542329,4465.997685352308,4326
2023-05-11,4505.65087890625,4533.217089883116,4371.403408121322,4510.619655193017,28550
2023-05-12,4526.14697265625,4552.51834733162,4481.333737918464,4481.333737918464,9359
2023-05-15,4471.82666015625,4586.390786705471,4443.543823661207,4554.33401272328,9402
2023-05-16,4611.52001953125,4636.840717677454,4481.285822856577,4489.885305245854,27241
2023-05-17,4756.994140625,4775.578762405516,4595.03723781833,4611.519577484496,21912
2023-05-18,4818.3857421875,4834.820496503853,4755.51415239124,4776.535111071692,18658
2023-05-19,4780.1650390625,4873.039628005177,4728.950721311525,4848.29232398899,11930
2023-05-22,4802.18994140625,4815.710145428795,4672.385438719604,4804.100937495706,16386
2023-05-23,4810.7890625,4851.636600844312,4777.537453109724,4821.29954020263,6368
2023-05-24,4857.6083984375,4885.461070667925,4779.018691208391,4820.487209372126,9860
2023-05-25,4903.85498046875,4917.327596595536,4795.74046692246,4853.930206202202,7065
2023-05-26,4939.97216796875,4963.812029301882,4884.601339699984,4920.814620000903,7307
2023-05-29,4960.13330078125,4986.744013130821,4919.954796895695,4964.719971067356,7225
2023-05-30,4990.2314453125,5002.223224924692,4873.039711061728,4937.058075893324,9016
2023-05-31,5001.5068359375,5045.98508249042,4931.229676094078,4990.2316792835845,7872
2023-06-01,4991.85595703125,5032.177691790837,4978.144467730127,5032.177691790837,4580
2023-06-02,5047.13232421875,5080.287828842327,4947.664877244392,4992.430057194122,9901
2023-06-05,5082.19873046875,5088.027362165817,5013.59415378365,5049.807438318562,11620
2023-06-06,5042.736328125,5088.026839924967,5016.364490066869,5016.364490066869,9947
2023-06-07,4978.76611328125,5130.069331693812,4916.037755925622,5054.584981311281,12749
2023-06-08,4852.6884765625,5009.055650200169,4841.604605087779,4978.766173250982,5847
2023-06-09,4776.86865234375,4865.634316408705,4733.536728064947,4852.687506124816,4639
2023-06-12,4769.84619140625,4777.49017568735,4748.825234633226,4754.558222844051,2480
2023-06-13,4824.07080078125,4873.040076055336,4772.712780371843,4772.712780371843,4400
2023-06-14,4884.84033203125,4930.369718779002,4810.932467839589,4853.8342350666735,4393
2023-06-15,4884.505859375,5121.469367419797,4863.484903016188,4884.840376991062,27330
2023-06-16,4872.896484375,5052.912211152806,4844.470419366387,4901.704655266656,15146
2023-06-19,4861.8603515625,4950.243917740191,4836.9698149515425,4882.547256779555,4693
2023-06-20,4926.595703125,4944.511292177226,4831.093949681677,4873.040222205597,4203
2023-06-21,4921.1015625,5011.587417070495,4913.218703359708,4928.411496035162,22013
2023-06-22,4906.052734375,4945.705906750636,4873.040460620349,4945.705906750636,8287
2023-06-23,4919.71630859375,4959.034960684581,4873.087723059322,4900.367472764489,29038
2023-06-26,4936.6279296875,5053.5332015077465,4920.814624650343,4950.19618770044,6221
2023-06-27,4952.87158203125,4966.678715060697,4913.791806267733,4961.327832830693,2485
2023-06-28,4961.61474609375,5001.984537365677,4884.601512510797,4952.871565985162,3920
2023-06-30,5020.85546875,5036.429899347924,4932.376261670039,4932.376261670039,7335
2023-07-03,5009.34130859375,5110.003112430377,4968.589413731855,4975.27789948111,10574
2023-07-04,4959.990234375,5046.22393089828,4913.218419556902,5011.587127585605,10894
2023-07-05,4955.69091796875,5058.359375896856,4930.035700557846,4959.990659438115,11891
2023-07-06,4927.7900390625,4984.594586282149,4853.977812716538,4955.690769492954,9481
2023-07-07,4924.77978515625,4961.088708137097,4877.43504720587,4958.174625939595,15728
2023-07-10,4839.45458984375,4924.637151175867,4826.220847999477,4924.637151175867,4623
2023-07-11,4847.576171875,4915.846228272674,4789.0519157499375,4842.416575665759,28611
2023-07-12,4909.25341796875,4930.847767561812,4849.1526829524655,4849.1526829524655,15989
2023-07-13,4917.51806640625,4982.778860017682,4884.219334204596,4939.351289110403,6013
2023-07-14,4882.833984375,4942.122452659713,4787.331766202348,4907.629345770831,11577
2023-07-17,4916.61083984375,4988.655299216972,4882.833890600178,4882.833890600178,8845
2023-07-18,4900.17578125,4964.528663958923,4883.550209593236,4941.214606395848,6717
2023-07-19,4933.57080078125,4957.5538944223035,4893.105366275472,4899.793852423476,4424
2023-07-20,4923.72900390625,4997.254764936496,4911.307529347135,4911.307529347135,9472
2023-07-21,4929.3671875,5013.45102162853,4920.48077509851,4948.381506680066,5931
2023-07-24,4923.87255859375,4973.0807063769935,4920.814778324377,4930.369758476462,5712
2023-07-25,4929.07958984375,4957.458066635266,4892.102097734041,4923.872405753556,10622
2023-07-26,4974.94384765625,4992.477330250837,4925.878929291658,4930.3699567644635,5525
2023-07-27,5009.2939453125,5045.029477467543,4935.147206651488,4935.147206651488,7057
2023-07-28,5077.18212890625,5102.359595877914,4987.69982967841,4987.69982967841,8541
2023-07-31,5139.19384765625,5159.5938243239825,5102.407172749507,5108.427090392589,10958
2023-08-01,5179.27734375,5204.502399757046,5068.964903769639,5159.6896331058015,14600
2023-08-02,5188.8798828125,5255.191822436468,5075.1756119260235,5159.689603251857,14646
2023-08-03,5206.46142578125,5255.239415921036,5169.292177398119,5188.879887948369,11137
2023-08-04,5078.7587890625,5238.279381114769,5022.145527476281,5232.498804316137,12687
2023-08-07,5081.7685546875,5178.799190538979,5066.146068985024,5178.799190538979,6821
2023-08-08,5052.86474609375,5111.914336292272,5021.189613927465,5078.471906054846,3604
2023-08-09,5014.21484375,5107.137028220428,4979.100290749607,5084.205075240579,5766
2023-08-10,5139.5283203125,5234.122626387843,4997.350398407847,4997.350398407847,12590
2023-08-11,5070.20703125,5188.306680286859,5058.120074560837,5178.799288330562,2538
2023-08-14,5044.98193359375,5095.527685303686,4892.6751766806165,5070.206987892766,6822
2023-08-16,5062.89794921875,5081.291287571556,5003.08367508316,5003.08367508316,8134
2023-08-17,5034.662109375,5159.689113898995,5025.919396131243,5072.738797349956,2832
2023-08-18,5008.5771484375,5086.497821598295,4996.537780654474,5063.947976101027,3044
2023-08-21,5173.87841796875,5205.55308323203,4978.144560139294,4978.144560139294,10004
2023-08-22,5119.41552734375,5191.985327242235,5103.410934359613,5161.839549167461,4272
2023-08-23,5105.560546875,5160.597327305855,5056.686915424703,5131.120119452663,5766
2023-08-24,4860.57080078125,4917.948269804956,4811.983633540533,4914.4607953700615,40754
2023-08-25,4691.017578125,4863.484972534118,4672.385366540636,4860.570890163426,23706
2023-08-28,4607.7939453125,4679.982106717115,4570.959680168767,4634.165786189631,40693
2023-08-29,4565.84765625,4717.724265380074,4551.037435747358,4627.429695218805,16074
2023-08-30,4624.7060546875,4714.235939129291,4557.725550250819,4572.058020534627,10334
2023-08-31,4658.052734375,4671.429706330128,4541.481978766025,4541.481978766025,10831
2023-09-01,4622.8427734375,4699.043742531708,4601.67858504959,4681.940420835339,5387
2023-09-04,4781.12060546875,4787.044879565158,4610.3253415521285,4610.3253415521285,15511
2023-09-05,4856.12744140625,4882.594923404316,4749.876340616655,4821.538692721416,13960
2023-09-06,4848.62744140625,4901.609530259542,4838.642299802723,4853.93026915439,7080
2023-09-07,4805.7734375,4915.082329113944,4709.697821606156,4878.534526025179,9628
2023-09-08,4830.95068359375,4863.103100538267,4801.377831523153,4805.773215982767,5891
2023-09-11,4839.8359375,4882.594470287745,4822.398100106116,4839.597063015152,35622
2023-09-12,4872.27587890625,4947.473296061559,4766.024308346457,4864.05850230564,11905
2023-09-13,4882.69091796875,4901.70523678549,4784.322202278424,4823.927785013134,5323
2023-09-14,4819.34033203125,4944.462974125488,4739.365434236928,4844.422153002465,8707
2023-09-15,4709.5537109375,4918.903403247765,4648.497485780959,4826.22010291462,21055
2023-09-18,4705.01513671875,4777.442161252657,4670.091873270383,4733.059094858835,5916
2023-09-20,4712.994140625,4752.456023544644,4671.477563652506,4695.3174266662445,19246
2023-09-21,4713.08984375,4735.591636536261,4690.826458927947,4712.994200633243,9629
2023-09-22,4646.3955078125,4733.823575189452,4635.598566986651,4729.71512039244,3976
2023-09-25,4739.0791015625,4755.513854850571,4634.213189251901,4643.6249384735065,6153
2023-09-26,4752.93408203125,4762.537118008406,4684.377092349128,4758.380607901984,7268
2023-09-27,4830.56787109375,4924.636838615051,4739.2226328156485,4767.935161949768,13212
2023-09-28,4882.69091796875,4956.16862830533,4764.256742244799,4853.930331943527,22143
2023-09-29,4885.3662109375,4907.151847855201,4839.263426963638,4906.148294904992,3091
2023-10-03,4873.37451171875,4909.253276427112,4805.34286478832,4909.253276427112,6384
2023-10-04,4857.751953125,4875.90641557767,4780.691130813888,4831.18929468338,6328
2023-10-05,4833.57861328125,4882.0701437442185,4782.363819816892,4882.0701437442185,4299
2023-10-06,4862.57666015625,4915.081459176192,4816.330652645421,4833.577670589317,5021
2023-10-09,4843.61083984375,4858.707522220302,4778.063581140216,4825.265090897252,3840
2023-10-10,4877.10107421875,4901.752738058891,4811.983973385404,4872.94456426092,4306
2023-10-11,4789.720703125,4928.029053506163,4767.9831212861645,4896.927776880552,10679
2023-10-12,4790.81982421875,4825.074057426893,4777.490439272459,4777.490439272459,6282
2023-10-13,4898.69482421875,4916.03701893438,4791.583409271368,4791.822283762083,8345
2023-10-16,4937.91845703125,4953.11078326276,4870.3169675603485,4872.992642127732,6296
2023-10-17,4901.84814453125,4967.634277465279,4879.537172132837,4967.634277465279,3820
2023-10-18,4937.82275390625,4956.168503524397,4864.966025856562,4926.404831867571,4592
2023-10-19,4902.8037109375,4965.723350647731,4892.150001022972,4965.723350647731,3169
2023-10-20,4933.52294921875,4949.479953450008,4873.0401086090815,4873.0401086090815,5729
2023-10-23,4785.27734375,4954.257262893071,4768.890645920795,4941.692557166387,3325
2023-10-25,4788.908203125,4848.960876868772,4721.211079124136,4809.212534842339,4638
2023-10-26,4774.81494140625,4795.597023555571,4714.95261659449,4788.000627597524,5800
2023-10-27,4844.27978515625,4862.482304122583,4777.538148716656,4780.357054768036,2913
2023-10-30,4773.859375,4896.927332861751,4681.940279223918,4868.4536786006465,4621
2023-10-31,4875.5244140625,4886.847159197595,4778.30248805683,4796.60018229447,5601
2023-11-01,4828.89501953125,4887.514908024902,4807.109854396764,4875.5235962014,3586
2023-11-02,4863.341796875,4887.372479293723,4827.271745830359,4827.271745830359,1678
2023-11-03,4908.96728515625,4921.77086678569,4828.084461775989,4863.437892579925,2997
2023-11-06,4869.60009765625,4987.652159942296,4836.731058526206,4878.868615226724,5105
2023-11-07,4897.978515625,4930.369805338089,4825.265022666152,4893.965237302273,5783
2023-11-08,4925.0673828125,4968.590134776211,4865.39633966932,4908.346166012772,8229
2023-11-09,4938.72998046875,4968.780577321266,4875.953579150734,4925.2097779196265,7720
2023-11-10,4977.71484375,5011.491794240655,4919.238641094543,4938.730708646362,4141
2023-11-13,4870.69921875,5007.574323421726,4789.243004625989,4968.590187036472,5480
2023-11-15,4884.1240234375,4920.480538346898,4858.75526977122,4919.859557912328,3461
2023-11-16,4890.23876953125,4928.0285288532905,4872.992217232446,4873.039805511797,3731
2023-11-17,4908.9189453125,4930.370063702621,4885.07954828827,4885.07954828827,9638
2023-11-20,4943.7939453125,5046.940134879083,4909.061968326157,4909.348431088362,11298
2023-11-21,4929.07958984375,5005.66266007518,4914.030496571348,4968.541936577988,5265
2023-11-22,4935.33837890625,4973.3670120898105,4901.704663212436,4944.70207253886,4642
2023-11-23,4954.68359375,4984.159201768582,4915.414504615632,4950.6310863150375,14031
2023-11-24,4973.88330078125,5006.301943847489,4939.969347626913,4968.9144805231645,10018
2023-11-28,4986.13720703125,5014.74455408415,4949.666054879673,4995.9302166518,3619
2023-11-29,4973.49755859375,5048.127855281338,4949.6178234804665,4985.316821427597,59099
2023-11-30,4948.60546875,5007.460579854342,4868.6200310315135,4996.895416547269,12990
2023-12-01,4947.9296875,4996.41278929825,4930.321396797153,4948.605262437603,6373
2023-12-04,4989.03173828125,5013.056105788903,4952.12669164767,4972.677548779129,9616
2023-12-05,4949.27978515625,5013.9724378512055,4922.698694044642,4989.031288219155,42628
2023-12-06,4902.05126953125,4963.077256280854,4885.938290909014,4949.61758143034,6865
2023-12-07,4828.09619140625,4920.6245092293875,4806.532444418405,4914.883536128062,12218
2023-12-08,4776.4775390625,4857.958278979036,4766.29868880962,4824.18895628504,8986
2023-12-11,4794.8583984375,4823.996219598891,4751.8265349845315,4780.771671238244,6056
2023-12-12,4791.8193359375,4814.299870370425,4775.030779731211,4814.299870370425,8612
2023-12-13,4831.71484375,4863.747649126256,4775.9954573709,4775.9954573709,3793
2023-12-14,4806.7255859375,4855.884262791262,4800.068299001532,4855.884262791262,3599
2023-12-15,4885.50439453125,4923.085016369098,4807.401055037862,4829.061381604725,23404
2023-12-18,4860.94970703125,4947.158063873428,4838.613804839071,4915.366468004693,14457
2023-12-19,4827.5654296875,4890.376458150495,4820.281093500777,4890.038670733221,6624
2023-12-20,4787.47705078125,4835.718940182961,4756.650295008676,4824.188940171071,5259
2023-12-21,4769.048828125,4785.59570291566,4754.335051014221,4775.947324482362,3843
2023-12-22,4778.26220703125,4792.9279287486825,4758.868874731279,4792.9279287486825,4703
2023-12-26,4777.4423828125,4811.452914996729,4761.522559236903,4778.262589158532,4744
2023-12-27,4769.5791015625,4798.958601111412,4756.698422668835,4777.924854336769,5395
2023-12-28,4764.8037109375,4791.384805495303,4754.335125949925,4769.579375669918,6085
2023-12-29,4773.77587890625,4807.255936584214,4758.67626265324,4758.67626265324,29113
